{
  "$schema": "https://github.com/grafana/grafana/raw/master/docs/sources/developers/plugins/plugin.schema.json",
  "type": "app",
  "name": "Plugin Admin",
  "id": "grafana-plugin-admin-app",
  "backend": false,
  "autoEnabled": true,
  "pinned": false,
  "info": {
    "author": {
      "name": "Grafana Labs",
      "url": "https://grafana.com"
    },
    "keywords": ["plugins"],
    "logos": {
      "small": "img/logo.svg",
      "large": "img/logo.svg"
    },
    "links": [],
    "screenshots": [],
    "version": "8.0.3",
    "updated": "2021-06-18"
  },
  "dependencies": {
    "grafanaDependency": ">=8.0.0",
    "grafanaVersion": "8.0.x",
    "plugins": []
  }
}
